# rffe placement: RF chain on a straight line at y = 12 mm (edge SMAs J1/J2), bias tee below it, power bottom-left,
# 25 MHz clock bottom-right with its SMA on the bottom edge. Iterated with `place` + DRC/layout (see audit/iterations.tsv).
ref	x_mm	y_mm	rot_deg	side
J1	2.84	12	180	F
C1	8.5	12	0	F
U2	15	10.05	90	F
L1	19	14.5	270	F
C2	24	12	0	F
J2	47.16	12	0	F
C3	18.6	17.2	270	F
C4	21.4	17.2	270	F
R1	40	16.3	180	F
R3	27	24.5	180	F
J4	4	32	0	F
C6	9.5	27.5	0	F
U1	16	30	0	F
C7	23	29	0	F
C8	23	32	0	F
D1	26	34	0	F
R4	29	34	180	F
X1	34	26	0	F
C5	32	23.5	0	F
R2	38	25.175	0	F
J3	44	33.16	270	F
R5	40	21.5	180	F
