id	timestamp	topic	decision	alternatives	rules	sources	requirement	note
D-1	2026-09-30T08:13:15+00:00	RF line	0.32 mm grounded coplanar, 0.3 mm pour gap, 0.2 mm prepreg to In1 GND: 49.7 ohm	0.36 mm microstrip without pour (48.4 ohm)	-	tools/size_rf_line.py field solver	HR-002	
D-2	2026-09-30T08:13:15+00:00	Bias	12 V through 3 x 220R 2512 (73.3 ohm) + 22 nH choke; 104 mA	2 x 150R (failed 2x derating at 13.2 V)	AOE-3330;WILSON-394	design/rules.tsv R-01..R-03	HR-003;HR-004	
D-3	2026-09-30T08:13:15+00:00	Stackup	4 layers: F.Cu RF over In1 GND, In2 +3V3 plane, B.Cu GND pour	2 layers (no continuous RF reference at 0.2 mm)	BOGATIN-2147	tools/make_template.py	HR-002;HR-006	
D-4	2026-09-30T08:13:16+00:00	Routing	RF, clock output, fences, stitching and plane fanouts pre-routed and locked; Freerouting for the rest	autoroute everything (planes left floating, pour fragmented)	ARCH-065;WILLIAMS-2038	tools/make_routes.py	HR-001;HR-002	
D-5	2026-09-30T08:13:16+00:00	Edge launch	SMA pads pulled back 0.3 mm; board floor 0.25 mm, 0.5 mm rule for everything else	global 0 mm edge clearance	-	pcb/rffe.kicad_dru	HR-001	
D-6	2026-09-30T08:13:16+00:00	RF rule frequency	fence/stitching judged at 5 GHz (2nd harmonic of the 2.5 GHz band edge)	6 GHz device limit (needs ~0.9 mm stitching grid)	ARCH-065;WILLIAMS-2038	design/rf.tsv	HR-002	
D-7	2026-09-30T08:13:16+00:00	Track floor	board minimum track 0.15 mm (fab capability); Freerouting necks the bias line to 0.15 mm at pins	pre-route BIAS by hand	BROOKS-046	layout check: BIAS IPC-2152 rise on the narrowest segment	HR-009	
D-8	2026-09-30T08:13:16+00:00	SMA launch	In1 and In2 cut out under the J1/J2 centre pads (1.0 mm beyond each side): the 1.5 mm pad references B.Cu, 47.8 ohm field-solved	pad over In1 at 0.2 mm (18 ohm, openEMS S11 -6.8 dB); narrower custom pad	JOHNSON03-1307;JOHNSON03-1278	johnson2003; openEMS rf_in; tools/make_template.py	HR-001	
D-9	2026-09-30T08:13:16+00:00	DC blocks and RF bypass	C1/C2/C3 10 pF C0G 0402: series-resonant near the band with the body ESL, |X| <= 3.1 ohm from 2.3 to 2.5 GHz	100 pF (8.0-8.8 ohm inductive in band: far above its self-resonance)	BOGATIN-167;BOGATIN-2128;ARCH-067;AOE-3330	design/rules.tsv R-05/R-06/R-11	HR-001	
