n	timestamp	phase	change	metric	value	checks	result	files	rules	note
1	2026-09-30T08:13:17+00:00	schematic	first wired schematic	netlist_match	MISMATCH (1 label fallback)	schematic	discard	sch/circuit.json	-	traced to set-order nondeterminism in the generator; fixed and made byte-identical across runs
2	2026-09-30T08:13:17+00:00	schematic	regenerate after generator fix + fp-lib-table	erc_violations	0	schematic,erc	keep	pcb/rffe.kicad_sch	-	netlist MATCH, 57 wires, 0 labels
3	2026-09-30T08:13:17+00:00	layout	first place + Freerouting	drc_violations	137->20	drc	discard	design/placement.tsv	-	edge-launch pads, zone islands, silkscreen
4	2026-09-30T08:13:17+00:00	layout	plane fanouts + stitching grid + island removal	drc_violations	15	drc	keep	tools/make_routes.py	-	+3V3 plane was isolated, GND pour fragmented
5	2026-09-30T08:13:17+00:00	layout	SMA pullback 0.3 mm + scoped edge rule	drc_violations	0	drc	keep	pcb/rffe.kicad_dru	-	board floor 0.25 mm, others 0.5 mm
6	2026-09-30T08:13:18+00:00	layout	denser fence/stitching + launch vias + pre-routed clock	layout_pass	53/58->58/58	layout,drc	keep	tools/make_routes.py	ARCH-065;WILLIAMS-2038	gap-fill pass drives worst pour-to-via distance under lambda/20 at 5 GHz
7	2026-09-30T08:13:18+00:00	design	bias 2x150R -> 3x220R	rules_pass	9/10->10/10	rules	keep	sch/circuit.json;design/rules.tsv	WILSON-394	R-03 derating 51.6 % -> 35.2 % at 13.2 V
8	2026-09-30T08:13:18+00:00	thermal	R1 moved away from U2; 2x3 thermal vias under the GALI tab	tj_U2	130.3->129.0 C	thermal,drc	keep	design/placement.tsv;tools/make_routes.py	BROOKS-017	limit 130 C (150 C max - 20 C); margin 1 C, thin
9	2026-09-30T08:13:18+00:00	verify	SI deck: merge line fragments shorter than the time step	si_pass	stall->4/4	si	keep	scripts/anvil_si.py	-	ngspice 'timestep too small' on sub-ps T-line fragments; fixed in Anvil
10	2026-09-30T08:13:18+00:00	verify	openEMS: capacitors as series ESR-ESL-C, only the analysed and ground nets modelled, band-limited pulse, S-settling row	em_energy_db	-11 (never decayed)->-50 in 28.8k steps	em	keep	scripts/anvil_em.py	ARCH-067;BOGATIN-167	16 field probes found no late field; removing the ideal 100 pF lumped C let the energy decay: an ideal C spread over the mesh rings losslessly. Fixed in Anvil
11	2026-09-30T08:13:18+00:00	layout	In1/In2 cut-out under the SMA centre pads	rf_in_S11_db	-6.8->-15.9	em,layout,drc	keep	tools/make_template.py	JOHNSON03-1307	the first converged EM run showed the 1.5 mm SMA pad over In1 at 0.2 mm (18 ohm): S11 -6.8 dB, S21 -1.26 dB against -15/-0.6
12	2026-09-30T08:13:19+00:00	design	DC blocks and RF bypass 100 pF -> 10 pF C0G (series-resonant near 2.4 GHz)	R-05_ohm	8.8->3.1	rules,em	keep	sch/circuit.json;design/rules.tsv;design/em.tsv	BOGATIN-2128;ARCH-067	with its ESL the 100 pF block is an 8.8 ohm inductor at 2.5 GHz (fails the Z0/10 block rule). EM then read S11 -14.95 dB: the inductive 100 pF had masked the launch port's own inductance (next row)
13	2026-09-30T08:13:19+00:00	verify	EM launch port driven across the coplanar gaps instead of a 1.5 mm tall vertical sheet to B.Cu	rf_in_S11_db	-14.95->-17.1	em	keep	scripts/anvil_em.py	-	Zin 42+j14 ohm: the tall port added ~0.44 nH the SMA does not have. Validated on a CPW over a 1.53 mm ground: Z0 from the S-matrix within 3 % of the 2-D solver. Fixed in Anvil
