item_id,gate,workstream,scope,criterion,responsible_role,planned_evidence,applicability,assigned_owner,status,evidence_reference,configuration,reviewer,review_date,exception_or_na_rationale,exception_expiry
HW-001,G1,Requirements,All applicable products,"Intended use, environments, users, markets, variants, and exclusions are agreed.",Systems lead,Requirements baseline and traceability matrix,To determine,,Not started,,,,,,
HW-002,G1,Requirements,All applicable products,"Requirements have identifiers, measurable criteria, owners, and planned verification methods.",Systems lead,Requirements baseline and traceability matrix,To determine,,Not started,,,,,,
HW-003,G1,Requirements,All applicable products,"Customer needs trace to requirements, including safety, security, manufacturing, and support.",Systems lead,Requirements baseline and traceability matrix,To determine,,Not started,,,,,,
HW-004,G1,Requirements,All applicable products,Unresolved assumptions have owners and planned experiments; feasibility is not assumed.,Systems lead,Requirements baseline and traceability matrix,To determine,,Not started,,,,,,
HW-005,G1,Requirements,All applicable products,Product classification and the applicable regulatory/standards matrix have an accountable owner.,Systems lead,Requirements baseline and traceability matrix,To determine,,Not started,,,,,,
HW-006,G1,Requirements,All applicable products,"Budget, target economics, major dependencies, and commercial stop criteria are explicit.",Systems lead,Requirements baseline and traceability matrix,To determine,,Not started,,,,,,
HW-007,G2,Architecture,All applicable products,Functional architecture and hardware/software responsibilities are baselined.,Systems lead / discipline owners,"Architecture review, interface records, and feasibility evidence",To determine,,Not started,,,,,,
HW-008,G2,Architecture,All applicable products,"Electrical, mechanical, communication, and firmware interfaces agree at both endpoints.",Systems lead / discipline owners,"Architecture review, interface records, and feasibility evidence",To determine,,Not started,,,,,,
HW-009,G2,Architecture,All applicable products,"Critical budgets include tolerances, worst cases, and justified margins.",Systems lead / discipline owners,"Architecture review, interface records, and feasibility evidence",To determine,,Not started,,,,,,
HW-010,G2,Architecture,All applicable products,Highest-risk feasibility questions have evidence and an explicit disposition.,Systems lead / discipline owners,"Architecture review, interface records, and feasibility evidence",To determine,,Not started,,,,,,
HW-011,G2,Architecture,All applicable products,"Safety states, security architecture, recovery, programming, and test access are designed.",Systems lead / discipline owners,"Architecture review, interface records, and feasibility evidence",To determine,,Not started,,,,,,
HW-012,G2,Architecture,All applicable products,Manufacturer feedback and procurement constraints are incorporated before layout/tooling commitment.,Systems lead / discipline owners,"Architecture review, interface records, and feasibility evidence",To determine,,Not started,,,,,,
HW-013,G3,Prototype release,All applicable products,"Schematics, PCB, enclosure, harnesses, BOM, placement files, and firmware interface definitions use compatible revisions.",Design owner / manufacturing engineer,"Release manifest, manufacturer acceptance, and bring-up plan",To determine,,Not started,,,,,,
HW-014,G3,Prototype release,All applicable products,ERC/DRC and relevant calculations run successfully on the release inputs; findings are resolved or formally dispositioned.,Design owner / manufacturing engineer,"Release manifest, manufacturer acceptance, and bring-up plan",To determine,,Not started,,,,,,
HW-015,G3,Prototype release,All applicable products,"Libraries, footprints, polarity, pin mapping, connector mating, and mechanical fit receive explicit review.",Design owner / manufacturing engineer,"Release manifest, manufacturer acceptance, and bring-up plan",To determine,,Not started,,,,,,
HW-016,G3,Prototype release,All applicable products,"The BOM identifies exact parts, quantities, approved alternates, lifecycle/availability risks, and sourcing assumptions.",Design owner / manufacturing engineer,"Release manifest, manufacturer acceptance, and bring-up plan",To determine,,Not started,,,,,,
HW-017,G3,Prototype release,All applicable products,"Manufacturer DFM/DFA queries are closed; critical dimensions, materials, stack-up, and acceptance requirements are agreed.",Design owner / manufacturing engineer,"Release manifest, manufacturer acceptance, and bring-up plan",To determine,,Not started,,,,,,
HW-018,G3,Prototype release,All applicable products,"Programming, debug, calibration, and production-test access physically exist.",Design owner / manufacturing engineer,"Release manifest, manufacturer acceptance, and bring-up plan",To determine,,Not started,,,,,,
HW-019,G3,Prototype release,All applicable products,"Bring-up procedures define power limits, instrumentation, safe states, and stop conditions.",Design owner / manufacturing engineer,"Release manifest, manufacturer acceptance, and bring-up plan",To determine,,Not started,,,,,,
HW-020,G3,Prototype release,All applicable products,An immutable release manifest identifies all supplied files and their hashes or equivalent controlled identifiers.,Design owner / manufacturing engineer,"Release manifest, manufacturer acceptance, and bring-up plan",To determine,,Not started,,,,,,
HW-021,G3-G7,Firmware,All applicable products,"A controlled source revision, toolchain, dependency set, build configuration, and binary hash identify the release.",Firmware lead,Firmware release record and executed test evidence,To determine,,Not started,,,,,,
HW-022,G3-G7,Firmware,All applicable products,Supported hardware and bootloader versions are explicit; memory/timing/power limits are measured on target.,Firmware lead,Firmware release record and executed test evidence,To determine,,Not started,,,,,,
HW-023,G3-G7,Firmware,All applicable products,"Safety states, watchdog recovery, communication failures, and sensor/actuator faults have test evidence.",Firmware lead,Firmware release record and executed test evidence,To determine,,Not started,,,,,,
HW-024,G3-G7,Firmware,All applicable products,"Update, authentication, compatibility, rollback, and recovery behavior are verified where applicable.",Firmware lead,Firmware release record and executed test evidence,To determine,,Not started,,,,,,
HW-025,G3-G7,Firmware,All applicable products,"Device identity, keys, calibration, and production debug settings are provisioned through a controlled process.",Firmware lead,Firmware release record and executed test evidence,To determine,,Not started,,,,,,
HW-026,G3-G7,Firmware,All applicable products,Test credentials and unrestricted factory functions cannot escape into normal production use.,Firmware lead,Firmware release record and executed test evidence,To determine,,Not started,,,,,,
HW-027,G3-G7,Firmware,All applicable products,"Release notes, known issues, support responsibilities, dependency inventory, and field diagnostics are ready.",Firmware lead,Firmware release record and executed test evidence,To determine,,Not started,,,,,,
HW-028,G4-G6,Validation,All applicable products,EVT defects and reworks are reconciled with the released design.,Test lead / quality / manufacturing,"EVT, DVT, or PVT result and release disposition",To determine,,Not started,,,,,,
HW-029,G4-G6,Validation,All applicable products,DVT samples and firmware are representative of the configuration being released.,Test lead / quality / manufacturing,"EVT, DVT, or PVT result and release disposition",To determine,,Not started,,,,,,
HW-030,G4-G6,Validation,All applicable products,"Required verification, user validation, compliance, and reliability evidence is complete.",Test lead / quality / manufacturing,"EVT, DVT, or PVT result and release disposition",To determine,,Not started,,,,,,
HW-031,G4-G6,Validation,All applicable products,"Test methods, sample allocation, limits, uncertainty, and exception handling were approved before results were accepted.",Test lead / quality / manufacturing,"EVT, DVT, or PVT result and release disposition",To determine,,Not started,,,,,,
HW-032,G4-G6,Validation,All applicable products,PVT uses the intended line and personnel; fixtures and measurement systems are qualified for their purpose.,Test lead / quality / manufacturing,"EVT, DVT, or PVT result and release disposition",To determine,,Not started,,,,,,
HW-033,G4-G6,Validation,All applicable products,"Yield, rework, throughput, traceability, and cost meet agreed production criteria.",Test lead / quality / manufacturing,"EVT, DVT, or PVT result and release disposition",To determine,,Not started,,,,,,
HW-034,G4-G6,Validation,All applicable products,"Every shipped unit can be associated with its build configuration, test result, and provisioning/calibration record.",Test lead / quality / manufacturing,"EVT, DVT, or PVT result and release disposition",To determine,,Not started,,,,,,
HW-035,G7,Market release,All applicable products,Every SKU and destination has completed its applicable regulatory route and required records.,Product owner / quality / regulatory,SKU and destination release record,To determine,,Not started,,,,,,
HW-036,G7,Market release,All applicable products,"The approved label, instructions, declarations/statements, language, and economic-operator details accompany the product as required.",Product owner / quality / regulatory,SKU and destination release record,To determine,,Not started,,,,,,
HW-037,G7,Market release,All applicable products,"Supplier capacity, component availability, production acceptance, and logistics support the launch commitment.",Product owner / quality / regulatory,SKU and destination release record,To determine,,Not started,,,,,,
HW-038,G7,Market release,All applicable products,"Commercial approval uses a complete cost model, price, margin, working-capital, and warranty/support assumptions.",Product owner / quality / regulatory,SKU and destination release record,To determine,,Not started,,,,,,
HW-039,G7,Market release,All applicable products,"Installation, onboarding, intended-user tasks, accessories, and service procedures have validation evidence.",Product owner / quality / regulatory,SKU and destination release record,To determine,,Not started,,,,,,
HW-040,G7,Market release,All applicable products,"Support staff, vulnerability contact, update delivery, incident response, spares, and returns handling are operational.",Product owner / quality / regulatory,SKU and destination release record,To determine,,Not started,,,,,,
HW-041,G7,Market release,All applicable products,"The release identifies who may authorize shipment, stop shipment, approve a change, and initiate a field action.",Product owner / quality / regulatory,SKU and destination release record,To determine,,Not started,,,,,,
HW-042,Sustaining,Support and retirement,All applicable products,"Production and field quality metrics identify configuration, batch/serial range, and reporting period.",Sustaining / service / security owner,"Field, change, support, or retirement record",To determine,,Not started,,,,,,
HW-043,Sustaining,Support and retirement,All applicable products,"Complaints, failures, vulnerabilities, and supplier notices have accountable triage and escalation.",Sustaining / service / security owner,"Field, change, support, or retirement record",To determine,,Not started,,,,,,
HW-044,Sustaining,Support and retirement,All applicable products,"Changes receive impact analysis, required revalidation, and updated production/service records.",Sustaining / service / security owner,"Field, change, support, or retirement record",To determine,,Not started,,,,,,
HW-045,Sustaining,Support and retirement,All applicable products,"Update compatibility, recovery, and deployment monitoring cover supported hardware versions.",Sustaining / service / security owner,"Field, change, support, or retirement record",To determine,,Not started,,,,,,
HW-046,Sustaining,Support and retirement,All applicable products,"Support duration, spare parts, key ownership, and third-party service dependencies remain funded and assigned.",Sustaining / service / security owner,"Field, change, support, or retirement record",To determine,,Not started,,,,,,
HW-047,Sustaining,Support and retirement,All applicable products,"Retirement addresses customers, installed devices, data, credentials, service shutdown, and disposal.",Sustaining / service / security owner,"Field, change, support, or retirement record",To determine,,Not started,,,,,,
HW-048,G0,Opportunity,All products,"Define the user problem, intended purpose, operating environment, target markets, and commercial stop criteria.",Product owner,Opportunity brief and feasibility questions,To determine,,Not started,,,,,,
HW-049,G0,Opportunity,All products,"Identify high-consequence hazards and uncertain technology, supply, and market assumptions before committing the architecture.",Systems lead / product owner,Initial risk and assumption register,To determine,,Not started,,,,,,
HW-050,G4,EVT,All products,Complete staged bring-up and core performance measurements on identified prototypes; record every rework.,Hardware / firmware / test leads,Bring-up records and EVT results by serial and revision,To determine,,Not started,,,,,,
HW-051,G5,DVT,All products,"Define risk-appropriate samples, operating corners, reliability profiles, and intended-user validation; justify deviations from production intent.",Test lead / quality,Approved DVT plan and representative-configuration rationale,To determine,,Not started,,,,,,
HW-052,G6,PVT,All products,Validate the ability of selected factory tests to detect representative faults and distinguish retest or rework from first-pass yield.,Manufacturing test / quality,"Fault coverage, measurement-system evidence, and yield definitions",To determine,,Not started,,,,,,
HW-053,G6,PVT,All products,"Demonstrate production programming, calibration, identity provisioning, traceability, and rework with the intended personnel and equipment.",Manufacturing / firmware / security,Pilot manufacturing records and provisioning audit,To determine,,Not started,,,,,,
HW-054,G1-G7,Sector,Connected products,"Define account, cloud, local/offline operation, data-handling, support-duration, and vulnerability-response obligations.",Product / firmware / security,Connected-service requirements and support plan,To determine,,Not started,,,,,,
HW-055,G1-G7,Sector,Robotics / industrial,"Identify robot, integrated-cell, machinery, or other application scope and its applicable safety standards.",Systems safety / regulatory,Application classification and standards matrix,To determine,,Not started,,,,,,
HW-056,G2-G5,Sector,Robotics / industrial,"Derive and validate safety functions, stopping and restart behavior, safeguards, and maintenance states from risk assessment.",Systems safety / test,"Hazard analysis, safety-function design, and validation",To determine,,Not started,,,,,,
HW-057,G5-G7,Sector,Installed industrial systems,"Complete required factory and site acceptance against the actual payload, tooling, installation, and surrounding interfaces.",Integrator / commissioning owner,FAT/SAT records and released installation configuration,To determine,,Not started,,,,,,
HW-058,G1-G7,Sector,Medical devices,"Determine intended medical purpose, classification, applicable quality system, and destination authorization route.",Medical regulatory / quality,Classification rationale and regulatory development plan,To determine,,Not started,,,,,,
HW-059,G2-G7,Sector,Medical devices,"Maintain linked risk controls, design inputs/outputs, software lifecycle, applicable clinical/performance and usability evidence, and design transfer.",Medical quality / engineering / clinical,Controlled design-development and risk-management records,To determine,,Not started,,,,,,
HW-060,G1-G7,Sector,Automotive,"Allocate vehicle/OEM/supplier interfaces and assess functional safety, intended-function safety, and cybersecurity applicability.",Automotive systems / safety / security,Customer interface agreement and safety/security plans,To determine,,Not started,,,,,,
HW-061,G5-G7,Sector,Automotive,"Complete customer-required APQP, control plan, measurement studies, PPAP, and applicable vehicle integration or approval contributions.",Automotive quality / OEM interface,Customer-approved submission and production release,To determine,,Not started,,,,,,
HW-062,G1-G7,Market,United States electronics,"Resolve FCC intentional/unintentional radiator scope, host/module integration, authorization route, labels, and responsible parties.",US regulatory owner,FCC scope and authorization evidence,To determine,,Not started,,,,,,
HW-063,G1-G7,Market,United States applicable consumer/workplace products,"Resolve CPSC product-rule, certification and import eFiling duties, and applicable workplace electrical approval requirements.",US regulatory / importer,Applicable-rule matrix and required certificates/filings,To determine,,Not started,,,,,,
HW-064,G1-G7,Market,European Union,"Resolve applicable CE legislation, assessment route, technical file, declaration, markings, instructions, and responsible operators.",EU regulatory owner,EU conformity and economic-operator records,To determine,,Not started,,,,,,
HW-065,G1-G7,Market,EU applicable consumer / electrical products,"Resolve RoHS, GPSR, WEEE, and any product-specific environmental or producer duties.",EU regulatory / operations,"Materials, product-safety, producer-registration and reporting records",To determine,,Not started,,,,,,
HW-066,G1-G7 / sustaining,Market,EU products in CRA scope,Operate applicable Article 14 reporting from 11 September 2026 and plan main CRA obligations for 11 December 2027.,Security / EU regulatory,"Scope decision, reporting process, and implementation plan",To determine,,Not started,,,,,,
HW-067,G1-G7,Market,Great Britain / Northern Ireland,"Determine marking and product-rule routes separately for GB and NI, including sector-specific exceptions and transitions.",UK regulatory owner,GB/NI compliance matrix and release records,To determine,,Not started,,,,,,
HW-068,G1-G7 / sustaining,Market,UK products in PSTI scope,"Complete password, vulnerability-reporting, support-period disclosure, and accompanying statement-of-compliance duties.",Security / UK regulatory,"PSTI scope, technical evidence, disclosures, and statement",To determine,,Not started,,,,,,
HW-069,G1-G7,Market,Taiwan domestic products,"Determine current BSMI commodity scope, inspection scheme, applicable CNS standards, labels, and required substance information.",Taiwan regulatory owner,BSMI classification and applicable inspection/conformity evidence,To determine,,Not started,,,,,,
HW-070,G1-G7,Market,Taiwan controlled RF devices,"Determine NCC scope and complete applicable manufacture/import, technical, inspection, and trading requirements.",Taiwan RF regulatory owner,NCC scope and required approval/inspection records,To determine,,Not started,,,,,,
HW-071,G1-G7,Market,Taiwan medical devices,Complete the applicable TFDA product license/listing and domestic QMS or foreign QSD assessment route.,Taiwan medical regulatory / quality,TFDA product and manufacturer quality-system records,To determine,,Not started,,,,,,
HW-072,G1-G7,Market,US / EU / UK medical devices,"Complete the destination-specific medical authorization, registration, representative, labeling, and post-market obligations.",Medical regulatory / quality,"FDA, EU MDR/IVDR, or MHRA release evidence as applicable",To determine,,Not started,,,,,,
HW-073,G1-G7,Market,EU machinery,Use the correct market-placement baseline for the transition to the Machinery Regulation on 20 January 2027.,Machinery regulatory owner,Launch-date assessment and applicable technical documentation,To determine,,Not started,,,,,,
HW-074,G1-G7,Export,Taiwan manufacture plus export,"Separate manufacturing-location obligations from destination approvals, importers, regional configurations, labels, language, and customs.",Operations / regulatory / importer,Manufacturing and destination compliance matrix,To determine,,Not started,,,,,,
HW-075,G3-G7,Transport,Products with lithium batteries,"Resolve applicable battery transport classification, UN 38.3 evidence, test-summary availability, packaging, and shipment documents.",Logistics / battery compliance,Battery transport and shipment records,To determine,,Not started,,,,,,
