id,gate,dimension,applies,method,authority,criterion,owner
HW-001,G1,documentation,all,inspection,review,"Intended use, environments, users, markets, variants, and exclusions are agreed.",Systems lead
HW-002,G1,documentation,all,inspection,review,"Requirements have identifiers, measurable criteria, owners, and planned verification methods.",Systems lead
HW-003,G1,documentation,all,inspection,review,"Customer needs trace to requirements, including safety, security, manufacturing, and support.",Systems lead
HW-004,G1,documentation,all,inspection,review,Unresolved assumptions have owners and planned experiments; feasibility is not assumed.,Systems lead
HW-005,G1,documentation,all,inspection,review,Product classification and the applicable regulatory/standards matrix have an accountable owner.,Systems lead
HW-006,G1,commercial,all,inspection,review,"Budget, target economics, major dependencies, and commercial stop criteria are explicit.",Systems lead
HW-007,G2,system,all,inspection,review,Functional architecture and hardware/software responsibilities are baselined.,Systems lead / discipline owners
HW-008,G2,system,all,inspection,review,"Electrical, mechanical, communication, and firmware interfaces agree at both endpoints.",Systems lead / discipline owners
HW-009,G2,system,all,inspection,review,"Critical budgets include tolerances, worst cases, and justified margins.",Systems lead / discipline owners
HW-010,G2,system,all,inspection,review,Highest-risk feasibility questions have evidence and an explicit disposition.,Systems lead / discipline owners
HW-011,G2,system,all,inspection,review,"Safety states, security architecture, recovery, programming, and test access are designed.",Systems lead / discipline owners
HW-012,G2,system,all,inspection,review,Manufacturer feedback and procurement constraints are incorporated before layout/tooling commitment.,Systems lead / discipline owners
HW-013,G3,documentation,all,inspection,review,"Schematics, PCB, enclosure, harnesses, BOM, placement files, and firmware interface definitions use compatible revisions.",Design owner / manufacturing engineer
HW-014,G3,documentation,all,inspection,review,ERC/DRC and relevant calculations run successfully on the release inputs; findings are resolved or formally dispositioned.,Design owner / manufacturing engineer
HW-015,G3,documentation,all,inspection,review,"Libraries, footprints, polarity, pin mapping, connector mating, and mechanical fit receive explicit review.",Design owner / manufacturing engineer
HW-016,G3,documentation,all,inspection,review,"The BOM identifies exact parts, quantities, approved alternates, lifecycle/availability risks, and sourcing assumptions.",Design owner / manufacturing engineer
HW-017,G3,documentation,all,inspection,review,"Manufacturer DFM/DFA queries are closed; critical dimensions, materials, stack-up, and acceptance requirements are agreed.",Design owner / manufacturing engineer
HW-018,G3,documentation,all,inspection,review,"Programming, debug, calibration, and production-test access physically exist.",Design owner / manufacturing engineer
HW-019,G3,documentation,all,inspection,review,"Bring-up procedures define power limits, instrumentation, safe states, and stop conditions.",Design owner / manufacturing engineer
HW-020,G3,documentation,all,inspection,review,An immutable release manifest identifies all supplied files and their hashes or equivalent controlled identifiers.,Design owner / manufacturing engineer
HW-021,G3,firmware,feature:firmware,inspection,review,"A controlled source revision, toolchain, dependency set, build configuration, and binary hash identify the release.",Firmware lead
HW-022,G5,firmware,feature:firmware,test,external,Supported hardware and bootloader versions are explicit; memory/timing/power limits are measured on target.,Firmware lead
HW-023,G5,firmware,feature:firmware,test,external,"Safety states, watchdog recovery, communication failures, and sensor/actuator faults have test evidence.",Firmware lead
HW-024,G5,firmware,feature:firmware,test,external,"Update, authentication, compatibility, rollback, and recovery behavior are verified where applicable.",Firmware lead
HW-025,G6,firmware,feature:firmware,inspection,external,"Device identity, keys, calibration, and production debug settings are provisioned through a controlled process.",Firmware lead
HW-026,G6,firmware,feature:firmware,inspection,external,Test credentials and unrestricted factory functions cannot escape into normal production use.,Firmware lead
HW-027,G7,firmware,feature:firmware,inspection,external,"Release notes, known issues, support responsibilities, dependency inventory, and field diagnostics are ready.",Firmware lead
HW-028,G4,documentation,all,test,external,EVT defects and reworks are reconciled with the released design.,Test lead / quality / manufacturing
HW-029,G5,documentation,all,test,external,DVT samples and firmware are representative of the configuration being released.,Test lead / quality / manufacturing
HW-030,G5,documentation,all,test,external,"Required verification, user validation, compliance, and reliability evidence is complete.",Test lead / quality / manufacturing
HW-031,G5,documentation,all,test,external,"Test methods, sample allocation, limits, uncertainty, and exception handling were approved before results were accepted.",Test lead / quality / manufacturing
HW-032,G6,manufacturing,all,test,external,PVT uses the intended line and personnel; fixtures and measurement systems are qualified for their purpose.,Test lead / quality / manufacturing
HW-033,G6,manufacturing,all,test,external,"Yield, rework, throughput, traceability, and cost meet agreed production criteria.",Test lead / quality / manufacturing
HW-034,G6,manufacturing,all,test,external,"Every shipped unit can be associated with its build configuration, test result, and provisioning/calibration record.",Test lead / quality / manufacturing
HW-035,G7,documentation,all,inspection,external,Every SKU and destination has completed its applicable regulatory route and required records.,Product owner / quality / regulatory
HW-036,G7,documentation,all,inspection,external,"The approved label, instructions, declarations/statements, language, and economic-operator details accompany the product as required.",Product owner / quality / regulatory
HW-037,G7,documentation,all,inspection,external,"Supplier capacity, component availability, production acceptance, and logistics support the launch commitment.",Product owner / quality / regulatory
HW-038,G7,commercial,all,inspection,external,"Commercial approval uses a complete cost model, price, margin, working-capital, and warranty/support assumptions.",Product owner / quality / regulatory
HW-039,G7,documentation,all,inspection,external,"Installation, onboarding, intended-user tasks, accessories, and service procedures have validation evidence.",Product owner / quality / regulatory
HW-040,G7,documentation,all,inspection,external,"Support staff, vulnerability contact, update delivery, incident response, spares, and returns handling are operational.",Product owner / quality / regulatory
HW-041,G7,documentation,all,inspection,external,"The release identifies who may authorize shipment, stop shipment, approve a change, and initiate a field action.",Product owner / quality / regulatory
HW-042,Sustaining,documentation,all,inspection,external,"Production and field quality metrics identify configuration, batch/serial range, and reporting period.",Sustaining / service / security owner
HW-043,Sustaining,documentation,all,inspection,external,"Complaints, failures, vulnerabilities, and supplier notices have accountable triage and escalation.",Sustaining / service / security owner
HW-044,Sustaining,documentation,all,inspection,external,"Changes receive impact analysis, required revalidation, and updated production/service records.",Sustaining / service / security owner
HW-045,Sustaining,documentation,feature:firmware,inspection,external,"Update compatibility, recovery, and deployment monitoring cover supported hardware versions.",Sustaining / service / security owner
HW-046,Sustaining,documentation,all,inspection,external,"Support duration, spare parts, key ownership, and third-party service dependencies remain funded and assigned.",Sustaining / service / security owner
HW-047,Sustaining,documentation,all,inspection,external,"Retirement addresses customers, installed devices, data, credentials, service shutdown, and disposal.",Sustaining / service / security owner
HW-048,G0,commercial,all,inspection,review,"Define the user problem, intended purpose, operating environment, target markets, and commercial stop criteria.",Product owner
HW-049,G0,documentation,all,inspection,review,"Identify high-consequence hazards and uncertain technology, supply, and market assumptions before committing the architecture.",Systems lead / product owner
HW-050,G4,documentation,all,test,external,Complete staged bring-up and core performance measurements on identified prototypes; record every rework.,Hardware / firmware / test leads
HW-051,G5,documentation,all,inspection,external,"Define risk-appropriate samples, operating corners, reliability profiles, and intended-user validation; justify deviations from production intent.",Test lead / quality
HW-052,G6,manufacturing,all,test,external,Validate the ability of selected factory tests to detect representative faults and distinguish retest or rework from first-pass yield.,Manufacturing test / quality
HW-053,G6,manufacturing,all,test,external,"Demonstrate production programming, calibration, identity provisioning, traceability, and rework with the intended personnel and equipment.",Manufacturing / firmware / security
HW-054,G7,compliance,sector:connected,inspection,external,"Define account, cloud, local/offline operation, data-handling, support-duration, and vulnerability-response obligations.",Product / firmware / security
HW-054-PLAN,G1,compliance,sector:connected,inspection,review,"Resolve applicability, accountable owner, launch-date baseline and evidence plan: Define account, cloud, local/offline operation, data-handling, support-duration, and vulnerability-response obligations.",Product / firmware / security
HW-055,G1,compliance,"sector:robotics,sector:industrial",inspection,review,"Identify robot, integrated-cell, machinery, or other application scope and its applicable safety standards.",Systems safety / regulatory
HW-056,G5,compliance,"sector:robotics,sector:industrial",test,external,"Derive and validate safety functions, stopping and restart behavior, safeguards, and maintenance states from risk assessment.",Systems safety / test
HW-056-PLAN,G1,compliance,"sector:robotics,sector:industrial",inspection,review,"Resolve applicability, accountable owner, launch-date baseline and evidence plan: Derive and validate safety functions, stopping and restart behavior, safeguards, and maintenance states from risk assessment.",Systems safety / test
HW-057,G7,compliance,sector:industrial,test,external,"Complete required factory and site acceptance against the actual payload, tooling, installation, and surrounding interfaces.",Integrator / commissioning owner
HW-057-PLAN,G1,compliance,sector:industrial,inspection,review,"Resolve applicability, accountable owner, launch-date baseline and evidence plan: Complete required factory and site acceptance against the actual payload, tooling, installation, and surrounding interfaces.",Integrator / commissioning owner
HW-058,G1,compliance,sector:medical,inspection,review,"Determine intended medical purpose, classification, applicable quality system, and destination authorization route.",Medical regulatory / quality
HW-059,G7,compliance,sector:medical,inspection,external,"Maintain linked risk controls, design inputs/outputs, software lifecycle, applicable clinical/performance and usability evidence, and design transfer.",Medical quality / engineering / clinical
HW-059-PLAN,G1,compliance,sector:medical,inspection,review,"Resolve applicability, accountable owner, launch-date baseline and evidence plan: Maintain linked risk controls, design inputs/outputs, software lifecycle, applicable clinical/performance and usability evidence, and design transfer.",Medical quality / engineering / clinical
HW-060,G1,compliance,sector:automotive,inspection,review,"Allocate vehicle/OEM/supplier interfaces and assess functional safety, intended-function safety, and cybersecurity applicability.",Automotive systems / safety / security
HW-061,G7,compliance,sector:automotive,inspection,external,"Complete customer-required APQP, control plan, measurement studies, PPAP, and applicable vehicle integration or approval contributions.",Automotive quality / OEM interface
HW-061-PLAN,G1,compliance,sector:automotive,inspection,review,"Resolve applicability, accountable owner, launch-date baseline and evidence plan: Complete customer-required APQP, control plan, measurement studies, PPAP, and applicable vehicle integration or approval contributions.",Automotive quality / OEM interface
HW-062,G7,compliance,market:US,inspection,external,"Resolve FCC intentional/unintentional radiator scope, host/module integration, authorization route, labels, and responsible parties.",US regulatory owner
HW-062-PLAN,G1,compliance,market:US,inspection,review,"Resolve applicability, accountable owner, launch-date baseline and evidence plan: Resolve FCC intentional/unintentional radiator scope, host/module integration, authorization route, labels, and responsible parties.",US regulatory owner
HW-063,G7,compliance,market:US,inspection,external,"Resolve CPSC product-rule, certification and import eFiling duties, and applicable workplace electrical approval requirements.",US regulatory / importer
HW-063-PLAN,G1,compliance,market:US,inspection,review,"Resolve applicability, accountable owner, launch-date baseline and evidence plan: Resolve CPSC product-rule, certification and import eFiling duties, and applicable workplace electrical approval requirements.",US regulatory / importer
HW-064,G7,compliance,market:EU,inspection,external,"Resolve applicable CE legislation, assessment route, technical file, declaration, markings, instructions, and responsible operators.",EU regulatory owner
HW-064-PLAN,G1,compliance,market:EU,inspection,review,"Resolve applicability, accountable owner, launch-date baseline and evidence plan: Resolve applicable CE legislation, assessment route, technical file, declaration, markings, instructions, and responsible operators.",EU regulatory owner
HW-065,G7,compliance,market:EU,inspection,external,"Resolve RoHS, GPSR, WEEE, and any product-specific environmental or producer duties.",EU regulatory / operations
HW-065-PLAN,G1,compliance,market:EU,inspection,review,"Resolve applicability, accountable owner, launch-date baseline and evidence plan: Resolve RoHS, GPSR, WEEE, and any product-specific environmental or producer duties.",EU regulatory / operations
HW-066,G7,compliance,market:EU,inspection,external,Operate applicable Article 14 reporting from 11 September 2026 and plan main CRA obligations for 11 December 2027.,Security / EU regulatory
HW-066-PLAN,G1,compliance,market:EU,inspection,review,"Resolve applicability, accountable owner, launch-date baseline and evidence plan: Operate applicable Article 14 reporting from 11 September 2026 and plan main CRA obligations for 11 December 2027.",Security / EU regulatory
HW-067,G7,compliance,"market:GB,market:NI",inspection,external,"Determine marking and product-rule routes separately for GB and NI, including sector-specific exceptions and transitions.",UK regulatory owner
HW-067-PLAN,G1,compliance,"market:GB,market:NI",inspection,review,"Resolve applicability, accountable owner, launch-date baseline and evidence plan: Determine marking and product-rule routes separately for GB and NI, including sector-specific exceptions and transitions.",UK regulatory owner
HW-068,G7,compliance,"market:GB&sector:connected,market:NI&sector:connected",inspection,external,"Complete password, vulnerability-reporting, support-period disclosure, and accompanying statement-of-compliance duties.",Security / UK regulatory
HW-068-PLAN,G1,compliance,"market:GB&sector:connected,market:NI&sector:connected",inspection,review,"Resolve applicability, accountable owner, launch-date baseline and evidence plan: Complete password, vulnerability-reporting, support-period disclosure, and accompanying statement-of-compliance duties.",Security / UK regulatory
HW-069,G7,compliance,market:TW,inspection,external,"Determine current BSMI commodity scope, inspection scheme, applicable CNS standards, labels, and required substance information.",Taiwan regulatory owner
HW-069-PLAN,G1,compliance,market:TW,inspection,review,"Resolve applicability, accountable owner, launch-date baseline and evidence plan: Determine current BSMI commodity scope, inspection scheme, applicable CNS standards, labels, and required substance information.",Taiwan regulatory owner
HW-070,G7,compliance,market:TW&feature:radio,inspection,external,"Determine NCC scope and complete applicable manufacture/import, technical, inspection, and trading requirements.",Taiwan RF regulatory owner
HW-070-PLAN,G1,compliance,market:TW&feature:radio,inspection,review,"Resolve applicability, accountable owner, launch-date baseline and evidence plan: Determine NCC scope and complete applicable manufacture/import, technical, inspection, and trading requirements.",Taiwan RF regulatory owner
HW-071,G7,compliance,market:TW&sector:medical,inspection,external,Complete the applicable TFDA product license/listing and domestic QMS or foreign QSD assessment route.,Taiwan medical regulatory / quality
HW-071-PLAN,G1,compliance,market:TW&sector:medical,inspection,review,"Resolve applicability, accountable owner, launch-date baseline and evidence plan: Complete the applicable TFDA product license/listing and domestic QMS or foreign QSD assessment route.",Taiwan medical regulatory / quality
HW-072,G7,compliance,"sector:medical&market:US,sector:medical&market:EU,sector:medical&market:GB,sector:medical&market:NI",inspection,external,"Complete the destination-specific medical authorization, registration, representative, labeling, and post-market obligations.",Medical regulatory / quality
HW-072-PLAN,G1,compliance,"sector:medical&market:US,sector:medical&market:EU,sector:medical&market:GB,sector:medical&market:NI",inspection,review,"Resolve applicability, accountable owner, launch-date baseline and evidence plan: Complete the destination-specific medical authorization, registration, representative, labeling, and post-market obligations.",Medical regulatory / quality
HW-073,G7,compliance,"market:EU&sector:robotics,market:EU&sector:industrial",inspection,external,Use the correct market-placement baseline for the transition to the Machinery Regulation on 20 January 2027.,Machinery regulatory owner
HW-073-PLAN,G1,compliance,"market:EU&sector:robotics,market:EU&sector:industrial",inspection,review,"Resolve applicability, accountable owner, launch-date baseline and evidence plan: Use the correct market-placement baseline for the transition to the Machinery Regulation on 20 January 2027.",Machinery regulatory owner
HW-074,G7,compliance,feature:taiwan_export,inspection,external,"Separate manufacturing-location obligations from destination approvals, importers, regional configurations, labels, language, and customs.",Operations / regulatory / importer
HW-074-PLAN,G1,compliance,feature:taiwan_export,inspection,review,"Resolve applicability, accountable owner, launch-date baseline and evidence plan: Separate manufacturing-location obligations from destination approvals, importers, regional configurations, labels, language, and customs.",Operations / regulatory / importer
HW-075,G3,compliance,feature:battery,inspection,review,"Resolve applicable battery transport classification, UN 38.3 evidence, test-summary availability, packaging, and shipment documents.",Logistics / battery compliance
HW-075-PLAN,G1,compliance,feature:battery,inspection,review,"Resolve applicability, accountable owner, launch-date baseline and evidence plan: Resolve applicable battery transport classification, UN 38.3 evidence, test-summary availability, packaging, and shipment documents.",Logistics / battery compliance
