Ref,Val,Package,PosX,PosY,Rot,Side
"C1","10p C0G","C_0402_1005Metric",8.500000,-12.000000,0.000000,top
"C2","10p C0G","C_0402_1005Metric",24.000000,-12.000000,0.000000,top
"C3","10p C0G","C_0402_1005Metric",18.600000,-17.200000,-90.000000,top
"C4","100n X7R","C_0402_1005Metric",21.400000,-17.200000,-90.000000,top
"C5","100n X7R","C_0402_1005Metric",32.000000,-23.500000,0.000000,top
"C6","10u 25V X5R","C_0805_2012Metric",9.500000,-27.500000,0.000000,top
"C7","10u X5R","C_0805_2012Metric",23.000000,-29.000000,0.000000,top
"C8","100n X7R","C_0402_1005Metric",23.000000,-32.000000,0.000000,top
"D1","green","LED_0603_1608Metric",26.000000,-34.000000,0.000000,top
"J1","SMA RF_IN","SMA_Amphenol_132289_EdgeMount",2.840000,-12.000000,180.000000,top
"J2","SMA RF_OUT","SMA_Amphenol_132289_EdgeMount",47.160000,-12.000000,0.000000,top
"J3","SMA CLK_OUT","SMA_Amphenol_132289_EdgeMount",44.000000,-33.160000,-90.000000,top
"J4","12V IN","JST_PH_B2B-PH-K_1x02_P2.00mm_Vertical",4.000000,-32.000000,0.000000,top
"L1","22n","L_0603_1608Metric",19.000000,-14.500000,-90.000000,top
"R1","220R 1W","R_2512_6332Metric",40.000000,-16.300000,180.000000,top
"R2","33R","R_0402_1005Metric",38.000000,-25.175000,0.000000,top
"R3","220R 1W","R_2512_6332Metric",27.000000,-24.500000,180.000000,top
"R4","1k","R_0402_1005Metric",29.000000,-34.000000,180.000000,top
"R5","220R 1W","R_2512_6332Metric",40.000000,-21.500000,180.000000,top
"U1","AMS1117-3.3","SOT-223-3_TabPin2",16.000000,-30.000000,0.000000,top
"U2","GALI-84+","SOT-89-3",15.000000,-10.050000,90.000000,top
"X1","ASE-25.000MHZ","Oscillator_SMD_Abracon_ASE-4Pin_3.2x2.5mm",34.000000,-26.000000,0.000000,top
