n	dimension	assertion	status	weight	evidence	traces
1	documentation	HW-001	not_run	1		
2	documentation	HW-002	not_run	1		
3	documentation	HW-003	not_run	1		
4	documentation	HW-004	not_run	1		
5	documentation	HW-005	not_run	1		
6	commercial	HW-006	not_run	1		
7	system	HW-007	not_run	1		
8	system	HW-008	not_run	1		
9	system	HW-009	not_run	1		
10	system	HW-010	not_run	1		
11	system	HW-011	not_run	1		
12	system	HW-012	not_run	1		
13	documentation	HW-013	not_run	1		
14	documentation	HW-014	not_run	1		
15	documentation	HW-015	not_run	1		
16	documentation	HW-016	not_run	1		
17	documentation	HW-017	not_run	1		
18	documentation	HW-018	not_run	1		
19	documentation	HW-019	not_run	1		
20	documentation	HW-020	not_run	1		
21	documentation	HW-028	not_run	1		
22	documentation	HW-029	not_run	1		
23	documentation	HW-030	not_run	1		
24	documentation	HW-031	not_run	1		
25	manufacturing	HW-032	not_run	1		
26	manufacturing	HW-033	not_run	1		
27	manufacturing	HW-034	not_run	1		
28	documentation	HW-035	not_run	1		
29	documentation	HW-036	not_run	1		
30	documentation	HW-037	not_run	1		
31	commercial	HW-038	not_run	1		
32	documentation	HW-039	not_run	1		
33	documentation	HW-040	not_run	1		
34	documentation	HW-041	not_run	1		
35	documentation	HW-042	not_run	1		
36	documentation	HW-043	not_run	1		
37	documentation	HW-044	not_run	1		
38	documentation	HW-046	not_run	1		
39	documentation	HW-047	not_run	1		
40	commercial	HW-048	not_run	1		
41	documentation	HW-049	not_run	1		
42	documentation	HW-050	not_run	1		
43	documentation	HW-051	not_run	1		
44	manufacturing	HW-052	not_run	1		
45	manufacturing	HW-053	not_run	1		
46	compliance	HW-055	not_run	1		
47	compliance	HW-056	not_run	1		
48	compliance	HW-056-PLAN	not_run	1		
49	compliance	HW-057	not_run	1		
50	compliance	HW-057-PLAN	not_run	1		
51	compliance	HW-062	not_run	1		
52	compliance	HW-062-PLAN	not_run	1		
53	compliance	HW-063	not_run	1		
54	compliance	HW-063-PLAN	not_run	1		
55	compliance	HW-064	not_run	1		
56	compliance	HW-064-PLAN	not_run	1		
57	compliance	HW-065	not_run	1		
58	compliance	HW-065-PLAN	not_run	1		
59	compliance	HW-066	not_run	1		
60	compliance	HW-066-PLAN	not_run	1		
61	compliance	HW-073	not_run	1		
62	compliance	HW-073-PLAN	not_run	1		
63	electrical	AUTO-ERC	pass	1	evidence/AUTO-ERC.json	
64	layout	AUTO-DRC	pass	1	evidence/AUTO-DRC.json	
65	simulation	AUTO-SIM	pass	1	evidence/AUTO-SIM.json	
66	electrical	AUTO-CONNECTIVITY	pass	1	evidence/AUTO-CONNECTIVITY.json	
67	electrical	AUTO-RULES	pass	1	evidence/AUTO-RULES.json	
68	layout	AUTO-LAYOUT	pass	1	evidence/AUTO-LAYOUT.json	
69	electrical	AUTO-PDN	pass	1	evidence/AUTO-PDN.json	
70	simulation	AUTO-SI	pass	1	evidence/AUTO-SI.json	
71	electrical	AUTO-THERMAL	pass	1	evidence/AUTO-THERMAL.json	
72	simulation	AUTO-EM	not_run	1		
73	compliance	AUTO-EMC	pass	1	evidence/AUTO-EMC.json	
74	manufacturing	AUTO-FACTORY	not_run	1		
75	commercial	AUTO-COST	not_run	1		
76	documentation	REQ-HR-001	not_run	1		HR-001
77	documentation	REQ-HR-002	not_run	1		HR-002
78	documentation	REQ-HR-003	not_run	1		HR-003
79	documentation	REQ-HR-004	not_run	1		HR-004
80	documentation	REQ-HR-005	not_run	1		HR-005
81	documentation	REQ-HR-006	not_run	1		HR-006
82	documentation	REQ-HR-007	not_run	1		HR-007
83	documentation	REQ-HR-008	not_run	1		HR-008
84	documentation	REQ-HR-009	not_run	1		HR-009
85	documentation	REQ-HR-010	not_run	1		HR-010
86	documentation	REQ-HR-011	not_run	1		HR-011
